gene_symbol,module,P2A1,P2A2,P2A3,F1A3,F1A4,F351,F352,F451,F452,F453
BLM,BLM–BTRR / HR,-1.1119998302984209,0.03227231518006232,1.2013287064997915,-1.1115265223039221,-1.7986476734809642,0.3001093706241723,0.5751620039476284,0.543168989600813,0.37357128915442694,0.9965613510764129
TOP3A,BLM–BTRR / HR,1.8062050202034716,0.9282388454232566,-0.3328075241631607,0.39575951780170493,0.5309963973665589,-1.3047971108130012,-0.9035669509682056,-0.8585660600114992,-0.8505945315930312,0.5891323967538936
RMI1,BLM–BTRR / HR,-0.12692859728590575,0.17371670592567837,1.8100848167722055,-1.0024214580757462,-1.4851536838283503,1.1540221268932984,0.6910383094097328,-0.09288513872528241,-0.660723414524862,-0.46074966656077915
RMI2,BLM–BTRR / HR,0.39779311191078054,1.4290401663521028,-1.2068665999976655,0.47474053253403925,1.128012451249855,0.2532968113775421,-1.5710230354145793,-0.22024848006454767,0.3752859757692917,-1.0600309337166705
BRCA1,BLM–BTRR / HR,-0.6713151056636004,-0.3140737500951947,0.8492286458355667,-0.787251954656388,-2.159942245218689,0.5779790037301183,0.14060602377320147,1.0222318042548797,0.4025709529834807,0.9399666250565806
BRCA2,BLM–BTRR / HR,-0.40566239999565507,0.11072318716355434,1.481762689706721,-0.9981494479121769,-2.060525235241659,0.855167259672189,0.46019441897176133,0.6584059867432694,-0.007892651384130969,-0.09402380772381176
PALB2,BLM–BTRR / HR,-0.33537024414195565,0.29366377130714,2.197777078484022,-0.8315667365216808,-0.8329935726557743,-0.2296616380925418,0.7669745035835391,0.2019781788567726,0.14171796643229434,-1.3725193072515782
BARD1,BLM–BTRR / HR,-0.9840411553245857,-0.2842826958724145,0.7196643425725165,-1.2592391810016288,-1.5023715824290371,1.4106381317559338,0.7061947687780483,1.0305820606581204,0.19578368002755545,-0.0329283691644601
BRIP1,BLM–BTRR / HR,0.3621378876191586,-0.1891530681625215,2.3277598606199392,-0.5408176686706558,-1.054266916265086,0.14173419714837548,0.849447676525219,-0.606144749866124,-0.4600950455698404,-0.8306021733784813
RAD51,BLM–BTRR / HR,-1.6149878091235232,-0.12016594537239086,0.629813621952829,0.8596777627841514,-0.11770471527681495,1.3306689374342542,0.960717661747841,-1.5056487174022901,-0.5094924682689171,0.0871216715249536
RAD51B,BLM–BTRR / HR,0.5868600038370008,1.0961448478334195,0.12901683834236524,0.6543561933594008,1.6455326317333516,-0.3751438538568737,-1.2528072258129364,-0.4652433472550662,-1.4199303540195578,-0.5987857341610877
RAD51C,BLM–BTRR / HR,-1.0675456585683631,-0.3686764737240299,-1.0675456585683631,-1.0675456585683631,-1.0675456585683631,0.9084250376005126,0.9352364154676659,0.9040538938864204,0.9414659131227122,0.949677847920173
RAD51D,BLM–BTRR / HR,1.4375148785516563,0.6191664796934266,-1.8640681369440175,-0.636978907464296,-0.24666006132362614,-0.12465265913603914,0.889188022226443,0.41693341183529975,-1.113713377527948,0.6232703500890694
XRCC2,BLM–BTRR / HR,-1.1288121217545035,-0.3458426178140236,0.6161456409844032,-1.2686467165752078,-1.630935281789412,0.7628675754809441,0.8362466868349557,0.44651611056447904,0.7847696034936942,0.927691120574676
XRCC3,BLM–BTRR / HR,-0.31977803392922766,-0.33980865149181444,-2.378980753884977,0.08025531479400595,-0.43168563633931883,0.1961357745132462,1.11626952905238,0.47716629745128863,1.06196939059456,0.5384567692399123
ATR,ATR checkpoint,-0.43150144306813826,-0.04409435157844971,1.727964423296199,-0.8925138385267467,-1.9200291771586169,0.8200889694800386,0.4514863386169455,0.6306211535298425,-0.09907450048776982,-0.24294757410335055
ATRIP,ATR checkpoint,-0.9369891785201337,-1.0440726657269719,0.5082343351313835,-0.37034749817631163,0.5855461625607713,-0.9909324034157717,1.1499871983584031,-1.0696144319003085,1.5814002669465685,0.5867882147425395
CHEK1,ATR checkpoint,-0.4574261304469711,-0.08171026663365663,2.517607722007479,-0.7510022533578256,-0.35512741304347684,0.9220857402930093,-0.30511713353231246,-0.3041499153127035,-0.68603600778983,-0.4991243421835697
CLSPN,ATR checkpoint,-0.03378014984264309,-0.07508879601454435,2.008955547297811,-0.4173943586518908,-1.9677860155401785,0.2334591129178721,0.1045845862150491,-0.6459473939942435,0.15795449380585094,0.6350429738069251
TOPBP1,ATR checkpoint,-0.4181922431938869,-0.25891100322540056,1.7813181562740994,-0.9230656174571569,-1.925140498267733,0.7454231880496047,0.08894295866088502,0.6413203491359458,0.04493964301468463,0.22336506700892206
TIMELESS,ATR checkpoint,-1.0622680860209368,0.0004702211335721581,1.0818036424732331,-0.8025656453757339,-1.26551245437118,0.061478309747844004,1.783351942492871,0.22165333946946214,0.7725329278075166,-0.7909441973564534
TIPIN,ATR checkpoint,-0.12254030497415909,-0.28731669706442065,1.0696201820618922,0.8649354058557438,1.8786492815120306,-1.1576483050854782,-0.29917414421274424,-1.373750816830167,-0.2901176251533652,-0.28265697610941476
WEE1,ATR checkpoint,0.5784000742765575,0.08516963616161939,0.10265062624167404,-0.4219961125798809,-1.9512790665519884,1.8093775730933361,0.17889849678523514,0.768874004067111,-0.3473274009638876,-0.8027678305294501
CDC25A,ATR checkpoint,-1.134862069071092,-1.036111651620786,0.6586615532890839,-0.39581321799995833,-1.231543497018385,1.0124833910995104,0.16522676325861888,-0.5376759445190762,1.0684978266740044,1.4311368459080176
RAD17,ATR checkpoint,0.8789768268095897,0.798365575380984,0.4443892387458375,-1.973098210742087,-1.2729200186505674,1.062822461653597,0.5383194131804925,-0.006473056929638211,0.18256325712101656,-0.6529454865692819
FANCD2,Fork protection / FA,0.565977466603048,-0.008435239046425333,0.8617368980368855,1.6759282371077013,0.5413018446561715,0.018694778112228472,-0.2070952836909894,-0.4144313474760437,-1.4202097694483506,-1.6134675848542561
FANCI,Fork protection / FA,-0.8130224274835622,-0.11152588542402585,2.1652736453721544,-1.2946629107647676,-1.2084699365698983,0.20018168369987643,0.542988134027731,-0.05189833205872043,0.2644200730635267,0.3067159561377881
FANCM,Fork protection / FA,-0.22417596488428218,-0.1211213224493271,1.828405382755201,0.41730180886018486,-0.49402559142536795,0.6265059182143444,-0.17595929289315182,0.18712416003712617,0.12388671946066893,-2.1679418176753695
SMARCAL1,Fork protection / FA,-1.1251278121197579,-0.7086284541466531,-0.46024354995442357,-1.3473931412076892,-0.7883373863087635,0.5814039829134079,0.38554873068716217,1.0807863136365101,0.9771661739631932,1.4048251425370017
ZRANB3,Fork protection / FA,-0.7486329155506196,0.2561641405604143,2.5926785548078994,-0.18552983423760605,-0.5352885365472387,-0.3532524215675605,0.3373629518094982,-0.7628746518363823,0.10591051072875374,-0.7065377981672023
HLTF,Fork protection / FA,0.8312452806198074,0.644037783862881,1.6932035630475895,0.21914144917726974,-1.7083767216348593,0.30691532086977125,-0.3091506715907826,0.21964721498853396,-0.8386671716446212,-1.0579960476956505
WRN,Fork protection / FA,-0.3392004567421328,-0.45393136870626016,1.7552405166961758,-1.033338855406745,-1.8638350780060429,0.4480004023043879,0.8357120703556643,0.21230129097827743,0.3083394193670137,0.13071205915959455
RECQL,Fork protection / FA,0.007951375539736369,-0.121939168958456,2.164337217927487,-0.9966697074832006,-1.4607603184440374,-0.5299843524801678,0.8283463619023355,0.2565333708456568,-0.328628535099747,0.18081375625039967
PARP1,Fork protection / FA,-0.686327819247092,0.07949738411516717,2.0477707736984905,-1.292355442122323,-1.2542868841067485,-0.5649763629350769,0.47235257827337934,0.47839932826523796,0.1933457502296937,0.5265806938294374
MRE11A,End resection,-0.9016632799445037,-0.027010490988037306,1.740209858445923,-1.4931703278921662,-1.3052109948380402,0.9799601782729882,0.3326591722643136,0.2638099685688713,0.20301081297439855,0.20740510313630475
RAD50,End resection,-0.13042290271526588,0.04675767540223765,1.6785925167706923,-0.9680905255131592,-2.1091669709411036,0.6826653970817421,0.12277188590240815,0.5181801130607756,0.1663497497325808,-0.007636938780915831
NBN,End resection,-0.7372880390257797,-0.3681362526702779,1.7232743314777375,-1.3771860246702907,-1.3357090200631423,0.8974817689930713,0.8838856683230597,0.17832241893578762,0.2138981253122256,-0.0785429766123911
RBBP8,End resection,-1.2033571567626808,-0.9970902565717356,0.5364130486488529,-1.1443131591754174,-1.0902290714461984,0.6434984722544933,1.4842387710327145,0.7800980473379959,0.6620431413366495,0.3286981633451943
EXO1,End resection,-0.33821824867907085,0.18412782807822184,2.3833323899550924,-0.20467379786069703,-0.8146672145262054,0.13327443949199957,0.7528126591336844,-1.1819280654438233,-0.2744618111392453,-0.6395981790097202
DNA2,End resection,-0.5557260354440393,-0.5643382666220839,1.9955837293452414,-0.44208082480781496,-1.7256000772286255,0.7016784600650168,0.5778561378163624,0.5100842690045745,-0.1894955802206414,-0.3079618119079519
DHX9,R-loop processing,-0.028562874125551287,0.5616526726685368,2.059811846345778,-0.8492466930145778,-1.8824363952427212,0.17005288860262335,0.015929246020415237,0.23146045784408242,-0.3044777514464897,0.02581660234790376
RNASEH1,R-loop processing,0.5176903359602876,0.16448588037641013,1.1774887401508431,0.5977640452875101,1.2155303823087795,-1.5309439637046827,0.3966326051935633,-1.5773853952573507,-0.6078338367050221,-0.35342879361013113
RNASEH2A,R-loop processing,0.9901579997417432,0.41669242851970134,-0.17865260644781916,1.2584668719707672,1.3761943583039016,-0.8017911856455656,-0.3895990438844682,-1.7336304875270458,-0.6885625866190273,-0.249275748412169
SETX,R-loop processing,0.5170480034662702,0.08153241835467907,1.4159430487981945,-1.3767038709964972,-1.7660835080114947,0.44941903888285234,-0.5310498345629237,1.098690488419504,-0.013170075177043855,0.12437429082643266
DDX5,R-loop processing,-1.1572360525260401,-0.6121435817693546,2.1039513347816565,-0.20118339366730906,-0.665035579983274,0.3095768802267919,1.3109701148557433,-0.6864440946069925,-0.2721341129454338,-0.13032151436576106
DDX21,R-loop processing,-0.6297640942826488,-0.31813611597620045,2.0626146112693373,-1.6113603649690627,-1.013464744556845,0.2928748576426124,0.33715362598893955,0.6165484460172248,0.2021561146189964,0.061377664247654166
AQR,R-loop processing,0.42279587124982954,0.0894824523278414,1.9131373464402206,-1.2023481655019395,-1.667179173340966,0.3165845857911328,-0.33744907902446686,0.7545616142678081,-0.371313973276246,0.08172852106689191
CCNE1,Cell cycle / RS,-2.3572784608988053,0.3012620427758339,1.3256654523021565,0.4915148553560763,0.08206937416443053,0.8128562770239038,-0.2183563519065803,-0.7288569452842887,0.3254848085845154,-0.03436105211728729
CDK2,Cell cycle / RS,1.0535492328167928,0.9406535768140384,0.7478038415086138,0.9725354087085731,-1.4992914526795529,0.6700159838664121,-1.3592368610869292,-0.35181730442084114,-0.32000585070968546,-0.8542065748171505
CDC6,Cell cycle / RS,-0.9712284722676092,-0.5772561704173548,0.41525622435190124,-1.7345153938022428,-0.7289576931002097,0.6335275426102339,1.5529653690009917,-0.057873815016111,0.4920815749029268,0.9760008337374928
MCM2,Cell cycle / RS,0.08302048248516511,1.1935867228725945,1.1954177721474002,1.0767901571125702,0.7771189174252066,-0.9336156474203459,-0.4636713077863857,-1.5114829735168545,-0.6904614102603033,-0.7267027130589575
MCM4,Cell cycle / RS,0.33720086398771765,1.3987397857361448,1.3357712965308566,0.2626553664912153,-0.8020514272735209,0.9194012957271651,-1.525254743143547,-0.6804606246300197,-0.5174651220654878,-0.7285366913602115
MCM6,Cell cycle / RS,0.2308638027424464,1.0922734513302585,1.8364834280919908,0.675994636071732,-0.2665658774732205,0.2454508933644321,-0.748395217627977,-0.7962236029930692,-1.2408853270495641,-1.0289961864570039
CDC45,Cell cycle / RS,-1.0550434691375805,-1.5775492541338325,1.0765115528632279,0.3630399233641207,0.7906383376121804,0.7936689215162209,1.0254363164915956,-1.3397487967975061,-0.07797221498163875,0.0010186832032124074
PCNA,Cell cycle / RS,-0.33358178272375044,0.06396666225591856,0.1964635127571047,1.119838596357213,1.9284566749471626,0.04487657810959301,0.0064447125997296375,-1.7469969257798839,-0.6242905496835854,-0.6551774788393924
RRM1,Cell cycle / RS,0.6697632425911985,0.9269982314259432,1.8007169039300364,0.6371789407385132,0.19263830370213475,-0.5835164442815648,-0.6775482335089851,-1.406482292735248,-0.7016433429862973,-0.8581053088757213
RRM2,Cell cycle / RS,-0.9937856226652731,-0.02029588929679872,1.0331292065275643,-0.383629674212477,-0.6228681273555065,2.3473980616852295,-0.7968531634799376,-0.3884325977059762,0.1341411099037495,-0.3088033034005103
TP53BP1,NHEJ / alt-EJ,0.5256630386628757,0.7736843402251466,0.8611469164971723,-0.7699710567263147,-2.2821402274046916,0.24714787929938772,-0.867738184395148,0.49039481732468865,0.45655378842766575,0.565258688089255
RIF1,NHEJ / alt-EJ,-0.631801309720095,-0.36478213072829707,0.9431068597878521,-0.9283609835437042,-2.0539433115768695,1.0419056167606122,0.44510468958456456,1.0297523046365051,0.1620206130977541,0.35699765170173653
MAD2L2,NHEJ / alt-EJ,-1.3098554037436878,-0.8213172478269029,-0.9816050950709287,-0.1869853977921785,-0.24917579689725836,0.047811474189898166,2.1137367189887404,-0.07420484554386467,0.7823248148364432,0.6792707788598394
XRCC5,NHEJ / alt-EJ,-1.4019858824631735,-0.5430778982661446,0.686660881201322,-1.4246073186821393,-1.1238167381615716,0.8556313713919311,0.932295415369401,0.5740978648927628,0.7440084316845725,0.7007938730331277
XRCC6,NHEJ / alt-EJ,-1.1964916130212226,0.5105602727592939,0.9401027018314032,-2.052438463792937,1.0179550785209406,0.0873376962512253,-0.2882937317434877,-0.3787495835788597,0.5900356087673491,0.7699820340060967
LIG4,NHEJ / alt-EJ,-1.4209929173949702,-0.7821677589130881,-0.5312350028324685,-0.23567265869427606,-0.9404398645129388,0.9432109776434044,1.4683538456359957,1.1573964935943402,-0.42218929275346395,0.7637361782274444
POLQ,NHEJ / alt-EJ,0.10626510720506632,0.4153017570613201,0.5558917919053354,-0.6128180150634793,-2.5455058085790596,0.5454828494912692,-0.081733922248119,1.0997817465445119,0.3061087888896272,0.21122570479353506
PRKDC,NHEJ / alt-EJ,0.8486151962807771,0.8932009113473613,1.7528332136501856,-0.5656001618962253,-1.7005055912301565,0.31868406505485947,-0.3730054791051215,-0.033890719257283965,-0.9613039311849397,-0.17902750365950768
AKT1,PI3K–AKT,-1.2853875569994007,-0.5878696414528091,-1.4118280245938526,-0.27297099768966554,-0.4890981448390472,0.11210253704978368,1.0670695429350507,0.2393707270717583,1.1880174483717127,1.440594110146531
PIK3CA,PI3K–AKT,-0.20855314383659398,0.4360712166026876,1.5484701136338972,-1.1372869962648513,-2.0182485856349004,0.5265791394285382,0.0659221693761068,0.8217355979295218,-0.1662681010717659,0.13157858983737838
PIK3R1,PI3K–AKT,0.20073334218051847,-0.04904066664151958,-0.3274178491962734,0.2815221128431759,1.8329540255061296,0.4522359646694531,-1.0587746112766088,0.9894371129295699,-0.7071791243187072,-1.614470306695744
MTOR,PI3K–AKT,-0.9217815851747323,-0.24666713614200597,0.2956986981741009,-1.2071309975018325,-1.780479009278787,0.6824049361653863,0.36023231018611135,1.1154037981424918,0.6434925065635292,1.05882647886575
PTEN,PI3K–AKT,-0.4642914894990953,-0.4642914894990953,-0.4642914894990953,2.2915255504704373,-0.4642914894990953,1.4228063655223255,-0.4642914894990953,-0.4642914894990953,-0.4642914894990953,-0.4642914894990953
